{"Iq4m8eJAnETTTbAk76Tv9A==":"logo_ar-238x128.png","CFi2k0BaotUPxfsCwXKrMw==":"logo%20dot-348x120.png","rarGD0fP1Seo5aauobqRww==":"szm-1400x641.jpg","mKOSLSt3tkb3uOJvrZCNzQ==":"addd-1152x492.png","VWltVj16Jlg/PPk2N/U0Sg==":"dof%20logo-226x80.png","GmX25Jw8tfu4fr2TZVH5rw==":"background1.jpg","kSsftgQ+lhPPhVFpihGgPA==":"abu-dhabi-dot-600x244.jpg","L/OzDM2wFYaG17w4LnI2VQ==":"abu-dhabi-dot-1-600x244.jpg","y/pXmKKC/cq2rsaeCyd9Aw==":"abu-dhabi-dot-576x234.jpg","/10vYplosWb3gupOKIfuVA==":"abu-dhabi-dot-2-600x244.jpg"}